{
  "accuracy": 0.95,
  "precision": 1.0,
  "recall": 0.9,
  "f1_score": 0.9473684210526316,
  "test_loss": 0.5452920198440552,
  "confusion_matrix": [
    [
      10,
      0
    ],
    [
      1,
      9
    ]
  ],
  "training_epochs": 20,
  "model_architecture": "CNN with L2 Regularization",
  "optimizer": "Adam",
  "learning_rate": 0.0005,
  "evaluation_time": "2025-08-01T01:27:01.830214"
}